Week,Publish Slot,Track,Content Category,Video Topic,Storytelling Angle,Hook Line,Google Flow Visual Style,SEO Title,Status
1,Mon,A - Science & The Tree,Formation,"The wound: what happens in the first hours after injury","Detective cold-open","Cut this tree and a chemical emergency starts within minutes.","Macro, wet glistening resin, shallow depth of field","What Happens Inside a Wounded Agarwood Tree (First 14 Days)",Planned
1,Wed,B - History & Trade,Big picture,"Why humans have burned fragrant wood for 3,000 years","Origin story","Before money, four civilisations were already trading this smell.","Montage, spinning world map, warm sepia","Agarwood: A 3,000-Year History of the World's Most Prized Wood",Planned
1,Fri,C - Culture / Myth / Medicine,Japanese ritual,"Kodo - Japan's way of incense","Ritual close-up","In this room nobody smells the incense - they listen to it.","Tatami room, soft window light, near-still camera","Kodo: The Japanese Art of 'Listening' to Agarwood",Planned
1,Sun,D - Wildcard,Economy,"Why a kilo of Kyara beats a kilo of gold","Auction / price reveal","Put it on a scale against gold and the wood wins.","Auction-house elegance, spotlit, scale macro","Why Agarwood Costs More Than Gold (The Real Economics)",Planned
2,Mon,A - Science & The Tree,Anatomy,"Healthy wood vs agarwood - same tree, two states","Before / after split","One half of this log is worthless. The other half is a fortune.","Split-screen, raking side light, macro grain","Healthy Wood vs Agarwood: Why One Tree Makes Both",Planned
2,Wed,B - History & Trade,Ancient Egypt,"Agarwood in ancient Egyptian temple incense","Day-in-the-life","Dawn in a temple - and the gods are about to be perfumed.","Torchlit stone halls, hieroglyphs, incense haze","Agarwood and Sacred Smoke in Ancient Egypt",Planned
2,Fri,C - Culture / Myth / Medicine,Incense game,"Monko - the incense-listening game","Day-in-the-life","Five guests, one hidden scent, and a scoreboard nobody expects.","Tatami room, lacquered tools, candle warmth","Monko: The 600-Year-Old Game of Guessing Incense",Planned
2,Sun,D - Wildcard,Mystery,"The mystery: why does this tree only make perfume when it's hurt?","Detective / whodunit","A flawless fragrant chunk - now rewind to the crime that made it.","Noir-tinged macro, reverse time-lapse","Why Does Agarwood Only Form When the Tree Is Injured?",Planned
3,Mon,A - Science & The Tree,Microbiology,"The fungi that help: Fusarium and friends","POV: a fungal spore","A microscopic spore lands on an open wound and the war begins.","Time-lapse macro, cream-to-chocolate colour shift","Which Fungi Create Agarwood? Fusarium, Lasiodiplodia and More",Planned
3,Wed,B - History & Trade,Ancient Egypt,"Agarwood in Egyptian mummification","Object biography","Follow one resin parcel from a riverside dock to a royal tomb.","Embalming workshop, linen, amber lamplight","Did Ancient Egyptians Use Agarwood to Embalm the Dead?",Planned
3,Fri,C - Culture / Myth / Medicine,Japanese ritual,"'Listen, don't smell' - why Kodo uses the verb 'to hear'","Sensory journey","Close your eyes - the incense is about to say something.","Extreme close-up of a warmed incense cup, breath","Why Japan Says You 'Listen' to Incense, Not Smell It",Planned
3,Sun,D - Wildcard,Grading,"The sinking-in-water test - does it actually work?","Lab bench","Drop three chips in a glass. Two float. One tells the truth.","Clean tabletop macro, side light, water tank","Does the Agarwood Water Test Really Work? We Tested It",Planned
4,Mon,A - Science & The Tree,Plant signalling,"Three alarm hormones: jasmonic acid, salicylic acid, ethylene","POV: an alarm signal","One cut releases three chemical shouts at the same time.","Bioluminescent cell interior, neon-on-black pulses","Jasmonic Acid, Salicylic Acid, Ethylene: How a Tree Builds Agarwood",Planned
4,Wed,B - History & Trade,Ancient India,"Aguru in the Vedas and the Mahabharata","Letter / ancient voice","A king writes home: my hall must smell of aguru by nightfall.","Lamp-lit palace, incense haze, ornate textiles","Aguru: Agarwood in the Mahabharata and Ancient India",Planned
4,Fri,C - Culture / Myth / Medicine,Japanese ritual,"The Six Countries and Five Tastes - Kodo's map of oud","Family tree / classification","Sweet, sour, bitter, salty, hot - and six imagined homelands.","Hand-drawn scroll classification animated to life","Rikkoku Gomi: How Kodo Classifies Agarwood by Taste",Planned
4,Sun,D - Wildcard,Production,"Wild vs plantation oud - can anyone really tell?","Comparison / blind test","Two vials. One forest, one farm. Now pick the wild one.","Split-screen lab, paired vials, cool light","Wild vs Plantation Agarwood: Can You Tell the Difference?",Planned
5,Mon,A - Science & The Tree,Physics,"Why agarwood sinks: density above 1.0 g/cm3","Lab bench","Wood floats. This wood drops like a stone. Here's the physics.","Slow-motion water tank, side-lit chunk sinking","Why Real Agarwood Sinks in Water (The Density Explained)",Planned
5,Wed,B - History & Trade,Biblical world,"'Aloes' in the Hebrew Bible - Song of Songs, Psalms, Proverbs","Origin story (of a word)","The Bible's 'aloes' isn't the plant on your windowsill.","Illuminated manuscript dissolving into a walled garden","'Aloes' in the Bible: The Agarwood Hidden in Scripture",Planned
5,Fri,C - Culture / Myth / Medicine,Literature,"Incense in The Tale of Genji - the perfume contest","Court intrigue","At court, the wrong blend could ruin a noblewoman by morning.","Heian palace, silk screens, drifting smoke, soft gold","The Perfume Contest in The Tale of Genji (Agarwood at Court)",Planned
5,Sun,D - Wildcard,Production,"How oud oil is distilled - a hydro-distillation walk-through","Recipe / how-it's-made","A copper pot, a fire, and weeks of waiting for one drop.","Warm documentary, night fire, steam, copper","How Oud Oil Is Made: Traditional Agarwood Distillation",Planned
6,Mon,A - Science & The Tree,Phytochemistry,"The 210+ sesquiterpenes - agarwood's scent library","POV: a single molecule","One injury. Two hundred new fragrance molecules. Why so many?","Clean 3D molecular cloud, slow orbit, neon-on-black","Why Agarwood Smells So Complex: 200+ Sesquiterpenes",Planned
6,Wed,B - History & Trade,China,"Han Dynasty China - the first agarwood imports","Object biography","A foreign log reaches a Han court - and the elite never recover.","Period chiaroscuro, bronze braziers, lacquer","When Did China First Import Agarwood? (The Han Dynasty)",Planned
6,Fri,C - Culture / Myth / Medicine,Buddhism,"Buddhist incense offering - what rising smoke means","Origin story (of a gesture)","Why does a thread of smoke stand in for a prayer?","Temple at dawn, volumetric light up a sunbeam","Why Buddhists Burn Agarwood: The Meaning of Incense Offering",Planned
6,Sun,D - Wildcard,Trade rules,"CITES paperwork - how legal oud actually crosses a border","Day-in-the-life (a customs desk)","In 1995 a wood traded for 3,000 years suddenly needed a passport.","Archival macro, stamps, ledgers, one red accent","How CITES Rules Control the Global Agarwood Trade",Planned
7,Mon,A - Science & The Tree,Signature compound,"Alpha-guaiene - agarwood's signature molecule","POV: a single molecule","Meet the molecule responsible for that warm, woody hum.","3D molecule assembling atom by atom in a void","Alpha-Guaiene: The Molecule Behind Agarwood's Signature Scent",Planned
7,Wed,B - History & Trade,Japan,"The Shosoin and the Ranjatai log - 8th-century Japan","Object biography","A 1,200-year-old log of oud - and the emperors who each cut a sliver.","Museum vault, single spotlit ancient log","Ranjatai: Japan's 1,200-Year-Old Agarwood Treasure",Planned
7,Fri,C - Culture / Myth / Medicine,Korea,"Korean chimhyang and royal incense","Day-in-the-life","In the Korean court, the right smoke announced the king before he spoke.","Hanok hall, celadon censer, low gold light","Chimhyang: Agarwood in Korean Royal Ritual",Planned
7,Sun,D - Wildcard,Production,"The yield problem - kilos of wood for grams of oil","By the numbers","Seventy kilos of wood. A teaspoon of oil. Now you see the price.","Neon data-viz over dark, stacking-mass animation","Why Oud Oil Is So Expensive: The Brutal Yield Math",Planned
8,Mon,A - Science & The Tree,Phytochemistry,"2-(2-phenylethyl)chromones - agarwood's chemical fingerprint","Forensic / lab","One class of molecule almost no other plant makes - and it proves the wood is real.","Lab-noir, microscope POV, spectrometer peaks, cool blue","The Molecule That Proves Agarwood Is Real (Chromones)",Planned
8,Wed,B - History & Trade,Greco-Roman,"Dioscorides and Pliny - 'agallochon' in the Greco-Roman world","Letter / ancient voice","A Roman naturalist scribbles: a wood from India, costlier than nard.","Roman study, scrolls, oil lamp, marble","Agarwood in Ancient Rome: Pliny, Dioscorides and 'Agallochon'",Planned
8,Fri,C - Culture / Myth / Medicine,Medicine,"Ayurveda - 'aguru' as a classical drug","Myth-bust (careful framing)","Ayurvedic texts list aguru by name - here's what they actually claim.","Warm apothecary, palm-leaf manuscripts, dust in light","Agarwood in Ayurveda: What the Classical Texts Really Say",Planned
8,Sun,D - Wildcard,Conservation,"The black market - agarwood smuggling cases","Heist / thriller","A suitcase of wood, an airport scanner, and a fortune at stake.","Documentary-thriller, airport X-ray, seized crates","Inside the Agarwood Black Market: Real Smuggling Cases",Planned
9,Mon,A - Science & The Tree,Genetics,"The ASS1 gene - agarwood's sesquiterpene synthase","POV: a gene","Flip one genetic switch and the perfume factory turns on.","DNA helix unwinding into a transcription scene","ASS1: The Gene That Lets Aquilaria Make Agarwood",Planned
9,Wed,B - History & Trade,Indian Ocean,"The Periplus of the Erythraean Sea - early aromatics trade","Map journey","A 1st-century shipping manual lists the ports where oud changed hands.","Animated nautical chart, dhow, monsoon arrows","The Periplus: Mapping the Ancient Agarwood Sea Trade",Planned
9,Fri,C - Culture / Myth / Medicine,Islamic culture,"Islamic perfume etiquette - oud, attar and the sunnah of scent","Origin story (of a custom)","A tradition says: refuse perfume and you've refused a gift.","Andalusian courtyard, fountains, tilework, warm gold","Oud in Islam: Perfume, Attar and the Etiquette of Scent",Planned
9,Sun,D - Wildcard,Perfumery,"Reading an oud oil - top, heart and base over six hours","Sensory journey","One drop, six hours, three completely different perfumes.","Macro of a blotter strip, clock dissolves, shifting light","How an Oud Oil Changes Over 6 Hours on Skin",Planned
10,Mon,A - Science & The Tree,Genetics,"AsMYC2 - the master switch behind the perfume","POV: a gene","One transcription factor decides whether a wound becomes oud.","Glowing DNA strand morphing into a tree silhouette","AsMYC2: The Master Gene That Controls Agarwood Formation",Planned
10,Wed,B - History & Trade,China,"Tang Dynasty - agarwood at the imperial court","Court intrigue","In the Tang court, the wrong incense in the wrong room was a misstep.","Period chiaroscuro, lacquered hall, single smoke thread","Agarwood in the Tang Dynasty: Incense, Status and Power",Planned
10,Fri,C - Culture / Myth / Medicine,Vietnam,"Vietnamese ancestor altars and daily incense","Day-in-the-life","Every morning, a stick of incense links the living and the dead.","Warm home interior, altar, dawn light, drifting smoke","Agarwood on Vietnamese Ancestor Altars: A Daily Ritual",Planned
10,Sun,D - Wildcard,Biotech,"Whole-tree induction technology - the science of a deliberate wound","Lab bench","Scientists figured out how to give a tree exactly the right injury.","Bright field documentary, drilling close-up, drone reveal","The Agarwood-Inducing Technique: Farming Oud on Purpose",Planned
11,Mon,A - Science & The Tree,Formation timeline,"The three formation stages: hours, weeks, a year","Time-lapse","Hour one looks like nothing. Month twelve looks like gold.","Single-frame long time-lapse, seasons flickering","How Agarwood Forms: The Early, Middle and Late Stages",Planned
11,Wed,B - History & Trade,Japan,"The 538 CE driftwood that reached Awaji Island","Object biography","A burnt-smelling log washes ashore - and a 1,000-year obsession begins.","Black volcanic sand, storm-blackened log, low gold light","The Driftwood That Brought Agarwood to Japan (538 CE)",Planned
11,Fri,C - Culture / Myth / Medicine,Gulf culture,"The mabkhara ritual - oud in Gulf hospitality","Day-in-the-life","In much of the Gulf you don't say goodbye with words - you say it with smoke.","Slow-motion smoke, white and gold fabric, warm interior","The Mabkhara: How Agarwood Welcomes Guests in the Gulf",Planned
11,Sun,D - Wildcard,Conservation,"Smallholder agarwood as poverty alleviation - does it work?","Profile / portrait","For some farmers, a row of these trees is a retirement plan.","Documentary realism, small plot, family, golden hour","Can Agarwood Lift Farmers Out of Poverty? The Honest Answer",Planned
12,Mon,A - Science & The Tree,Pest ecology,"Insect borers - the beetles that wound the tree","POV: a wood-borer beetle","The bug drilling this trunk has no idea it just started a fortune.","Insect-scale macro, fisheye tunnel POV, frass particles","The Beetles Whose Bites Help Create Agarwood",Planned
12,Wed,B - History & Trade,China,"Song Dynasty - incense connoisseurship and incense clocks","Day-in-the-life","A clock made of smoke once told scholars when to stop reading.","Scholar's studio, incense seal burning, soft daylight","Incense Clocks: How Song-Dynasty China Burned Agarwood to Tell Time",Planned
12,Fri,C - Culture / Myth / Medicine,Medicine,"Traditional Chinese Medicine - 'chenxiang' and qi","Myth-bust (careful framing)","Chinese pharmacopeias list chenxiang by name - here's the classical claim.","Warm apothecary, weighing scale, old herbals, dust in light","Agarwood in Chinese Medicine: 'Chenxiang' and Qi Explained",Planned
12,Sun,D - Wildcard,Production,"Soak time - why fermenting chips for months changes everything","Recipe / how-it's-made","Same wood, same still - but two months underwater rewrites the smell.","Macro of submerged chips, time-lapse, lantern glow","Why Distillers Soak Agarwood for Months Before Distilling",Planned
13,Mon,A - Science & The Tree,Taxonomy,"The 21 Aquilaria species - a field guide","Family tree / classification","Twenty-one trees, one famous talent - meet the whole genus.","Botanical-illustration animation, leaf-by-leaf reveal","The Aquilaria Family: All the Trees That Can Make Agarwood",Planned
13,Wed,B - History & Trade,Arabia,"Pre-Islamic Arabia - the incense routes","Map journey","Long before Islam, caravans were already hauling oud north.","Desert epic, golden hour, animated caravan routes","The Ancient Incense Routes That Carried Oud Across Arabia",Planned
13,Fri,C - Culture / Myth / Medicine,Symbolism,"Why 'smoke that rises' means prayer in so many religions","Origin story (of a symbol)","Egypt, India, China, Arabia - all chose rising smoke for the same reason.","Montage of temples, smoke ascending sunbeams worldwide","Why So Many Religions Use Rising Smoke as Prayer",Planned
13,Sun,D - Wildcard,Mystery,"Why does Kyara form so rarely? - agarwood's great mystery","Unsolved mystery","The finest grade on Earth - and nobody can reliably make it.","Cinematic macro of a Kyara chip, soft reverent light","The Kyara Mystery: Why the Best Agarwood Is Almost Impossible to Make",Planned
14,Mon,A - Science & The Tree,Taxonomy,"Gyrinops - agarwood's other genus","Family tree","Aquilaria gets the fame - but Gyrinops makes oud too.","Botanical-illustration animation, map of the Wallace line","Gyrinops: The Other Trees That Produce Agarwood",Planned
14,Wed,B - History & Trade,Southeast Asia,"The Champa kingdom - medieval Vietnam's oud superpower","Origin story (of a trade)","A vanished kingdom once supplied half the world's oud.","Cham temple ruins, jungle, golden archival haze","Champa: The Lost Kingdom That Ruled the Agarwood Trade",Planned
14,Fri,C - Culture / Myth / Medicine,China,"China's 'xiang dao' - the way of fragrance revival today","Day-in-the-life","A young scholar in Shanghai relights a 1,000-year-old practice.","Modern minimalist studio, incense tools, daylight","Xiang Dao: China's Modern Revival of the Way of Fragrance",Planned
14,Sun,D - Wildcard,Biotech,"Inoculation kits and 'agarbiotech' startups","Profile / portrait","A drill, a plug of fungus, and a pitch deck - meet the agar-startups.","Bright lab-startup aesthetic, vials, plantation drone","The Startups Trying to Engineer Agarwood Faster",Planned
15,Mon,A - Science & The Tree,Taxonomy,"Aquilaria malaccensis - the type species","Profile / portrait","The tree that put 'malaccensis' on every CITES form.","Field documentary, tall rainforest tree, dappled light","Aquilaria malaccensis: The Most Famous Agarwood Tree",Planned
15,Wed,B - History & Trade,Indian Ocean,"Srivijaya and the Malay world as agarwood entrepots","Map journey","Ships didn't sail past these straits - they stopped, and oud changed hands.","Animated maritime map, port cities lighting up","Srivijaya: How the Malay World Became the Hub of the Oud Trade",Planned
15,Fri,C - Culture / Myth / Medicine,Vietnam craft,"Vietnamese village distilling - family lineages of the craft","Profile / portrait","Three generations, one copper still, and a smell only they can make.","Warm documentary, night fire, family hands, copper","The Families Who Distil Vietnam's Oud (A Craft Lineage)",Planned
15,Sun,D - Wildcard,Production,"CO2 and solvent extraction vs traditional distillation","Comparison","Same wood, three machines - and three different ouds come out.","Split-screen lab, supercritical rig vs copper still","CO2 Oud vs Distilled Oud: Which Method Wins?",Planned
16,Mon,A - Science & The Tree,Taxonomy,"Aquilaria sinensis - the Hainan tree (and its sequenced genome)","Detective / lab","We have the full genome of an agarwood tree - here's what it confessed.","DNA sequence scrolling, then pull out to a Hainan hillside","The Aquilaria sinensis Genome: What It Revealed About Oud",Planned
16,Wed,B - History & Trade,Islamic world,"Abbasid Baghdad - Al-Kindi's 'Book of Perfume'","Letter / ancient voice","A 9th-century scientist writes the world's first oud-blending manual.","Abbasid study, manuscripts, distillation glassware, gold","Al-Kindi's Perfume Book: How Baghdad Wrote the Oud Manual",Planned
16,Fri,C - Culture / Myth / Medicine,Medicine,"Unani medicine - "'ud hindi" in the Greco-Arabic tradition","Myth-bust (careful framing)","Greek medicine met Indian wood in a Baghdad pharmacy - here's the result.","Warm apothecary, brass instruments, Arabic herbals","'Ud Hindi: Agarwood in Unani (Greco-Arabic) Medicine",Planned
16,Sun,D - Wildcard,Conservation,"Poaching inside national parks - the conservation frontline","Documentary thriller","A ranger finds fresh stumps where a protected tree stood yesterday.","Tense documentary, jungle patrol, headlamp, cut stumps","Agarwood Poaching: The Fight to Protect Wild Aquilaria",Planned
17,Mon,A - Science & The Tree,Taxonomy,"Aquilaria crassna - the mainland Southeast Asia workhorse","Profile / portrait","The plantation favourite from Thailand to Cambodia - meet crassna.","Field documentary, neat plantation rows, drone","Aquilaria crassna: The Backbone of Southeast Asia's Oud Farms",Planned
17,Wed,B - History & Trade,Mediterranean,"Medieval Cairo - oud in the Geniza trade documents","Detective / archive","Thousand-year-old letters in a Cairo synagogue list oud by the pound.","Archival macro, fragile letters, candlelit reading","The Cairo Geniza: Hidden Letters That Tracked the Oud Trade",Planned
17,Fri,C - Culture / Myth / Medicine,Gulf culture,"Perfuming the bride - oud at Emirati and Saudi weddings","Day-in-the-life","Before she walks out, the bride is wrapped in a cloud of oud.","Slow-motion smoke, gold textiles, soft reverent light","Oud at the Wedding: Perfuming the Bride in the Gulf",Planned
17,Sun,D - Wildcard,Economy,"The grading systems compared - Japanese vs Arab vs Chinese","Comparison","Three civilisations, three ways to price the same chunk of wood.","Side-by-side graded trays, clean studio, labels","How Is Agarwood Graded? Japanese vs Arab vs Chinese Systems",Planned
18,Mon,A - Science & The Tree,Taxonomy,"Aquilaria subintegra and the 'Subin' plantations","Profile / portrait","A fast-resin species that built an industry in two decades.","Plantation documentary, young trees, inoculation holes","Aquilaria subintegra: The Species Behind 'Subin' Oud",Planned
18,Wed,B - History & Trade,Vietnam,"The Hoi An and Quang Nam oud ports","Map journey","One river mouth in Vietnam shipped oud to half of Asia.","Old port town, lanterns, river, golden archival haze","Hoi An and the Oud Trade: Vietnam's Fragrant Port",Planned
18,Fri,C - Culture / Myth / Medicine,Buddhism,"Zen and incense - burning a stick to measure meditation","Origin story (of a practice)","A monk doesn't watch a clock - he watches a stick of incense burn down.","Zendo, single incense stick, shaft of light, stillness","Why Zen Monks Measure Meditation With Incense",Planned
18,Sun,D - Wildcard,Conservation,"Can you buy 'ethical oud'? - certification schemes","Myth-bust","A label says 'sustainable oud.' Does that label mean anything?","Documentary, certificate close-up, plantation, jungle","Is There Such a Thing as Ethical Oud? Certification Explained",Planned
19,Mon,A - Science & The Tree,Naming,"The 'agallocha' naming tangle","Detective / archive","Two centuries of botanists arguing over what to call the same tree.","Animated taxonomic family tree, crossed-out Latin names","Why Agarwood's Scientific Name Is Such a Mess (Agallocha Explained)",Planned
19,Wed,B - History & Trade,European exploration,"Marco Polo and 'lignum aloes' in European eyes","Letter / traveller's voice","A Venetian traveller writes: they have a wood here worth its weight in silver.","Medieval European map, illuminated margins, candlelight","Marco Polo and 'Lignum Aloes': Europe Discovers Agarwood",Planned
19,Fri,C - Culture / Myth / Medicine,Africa,"Somali and East African incense culture and trade","Day-in-the-life","On this coast, the incense burner is as common as the coffee pot.","Coastal town, mabkhara, sea light, warm interiors","Agarwood in the Horn of Africa: An Overlooked Incense Culture",Planned
19,Sun,D - Wildcard,Economy,"The plantation boom and bust - the 2010s oversupply story","By the numbers","Everyone planted Aquilaria. Then the price of low-grade oud collapsed.","Neon data-viz, price line crashing, plantation drone","The Agarwood Bubble: How the 2010s Plantation Boom Went Bust",Planned
20,Mon,A - Science & The Tree,Family botany,"Thymelaeaceae - agarwood's family (and its poisonous cousins)","Family tree","Agarwood's relatives include a famous poison and a paper plant.","Botanical-illustration animation, branching family tree","Agarwood's Family Tree: Meet Thymelaeaceae",Planned
20,Wed,B - History & Trade,Colonial Indian Ocean,"The Portuguese in the Indian Ocean - Tome Pires' spice ledger","Letter / clerk's voice","A Portuguese clerk in Malacca writes down where the best 'calambac' comes from.","16th-c. ship's cabin, ledgers, charts, lantern","Tome Pires and the Portuguese Hunt for the Best Agarwood",Planned
20,Fri,C - Culture / Myth / Medicine,Literature,"Oud in Arabic love poetry - the beloved's scent","Sensory journey","A poet says: I knew she had passed because the air still wore oud.","Calligraphy dissolving into a moonlit courtyard, smoke","Oud in Arabic Poetry: When Perfume Stands for Love",Planned
20,Sun,D - Wildcard,Biotech,"Lab-grown / cell-culture agarwood - hype vs reality","Myth-bust","A press release says 'agarwood grown in a flask.' Let's check.","Lab-noir, bioreactor, cell cultures, cool blue","Lab-Grown Agarwood: Real Breakthrough or Just Hype?",Planned
21,Mon,A - Science & The Tree,Reproduction,"Aquilaria's moth-pollinated flowers","POV: a night-flying moth","After dark, a small moth decides whether there'll be more agarwood trees.","Night macro, white blossoms, moth in moonlight","How Agarwood Trees Reproduce: The Moths That Pollinate Aquilaria",Planned
21,Wed,B - History & Trade,Colonial Indian Ocean,"The Dutch VOC and Rumphius's 'Herbarium Amboinense'","Letter / naturalist's voice","A half-blind Dutch botanist in the Moluccas draws agarwood for the first time, carefully.","Tropical study, pressed plants, ink drawings, lamp","Rumphius and the Dutch East India Company's Agarwood Records",Planned
21,Fri,C - Culture / Myth / Medicine,Folk belief,"Folk belief - agarwood against the evil eye","Myth-bust","In some villages a chip of oud is worn the way others wear a charm.","Warm village interiors, amulet on a cord, smoke","Agarwood as Protection: Folk Beliefs About Oud and the Evil Eye",Planned
21,Sun,D - Wildcard,Mystery,"The unsolved question - which fungi (if any) are essential?","Unsolved mystery","Wound a tree with no fungus and it still makes oud - so what are the fungi for?","Lab-noir macro, petri dishes, question-mark motif","Do You Actually Need Fungi to Make Agarwood? The Open Question",Planned
22,Mon,A - Science & The Tree,Anatomy,"Heartwood vs sapwood - where agarwood lives","Before / after split","The agarwood is never in the bark - it's deep in the tree's oldest wood.","Cross-section animation, growth rings, resin zones glowing","Heartwood vs Sapwood: Where Agarwood Actually Forms",Planned
22,Wed,B - History & Trade,Mughal India,"Mughal India - Akbar's perfumery and the rise of 'itr","Court intrigue","In Akbar's court, a master perfumer outranked half the nobles.","Mughal palace, marble, attar bottles, jewel tones","Agarwood in the Mughal Court: Akbar's Perfumers and 'Itr",Planned
22,Fri,C - Culture / Myth / Medicine,Esoteric Buddhism,"Esoteric Buddhism (Shingon and Tendai) and agarwood","Ritual close-up","In a darkened hall a monk burns a precise blend at a precise moment.","Mountain temple, mandala, candlelight, incense haze","Agarwood in Esoteric Buddhism: Shingon and Tendai Incense",Planned
22,Sun,D - Wildcard,Sustainability,"Aquilaria as an agroforestry intercrop (coffee, fruit, shade)","Day-in-the-life","On this farm, the agarwood trees share a field with the coffee.","Bright agroforestry documentary, mixed canopy, drone","Growing Agarwood With Coffee: The Agroforestry Approach",Planned
23,Mon,A - Science & The Tree,Anatomy,"Ray parenchyma - the cells that store the resin","POV: inside a wood cell","Zoom past the grain and you'll find the tiny tanks that hold the perfume.","Hyper-macro into cell walls, glowing resin droplets","Inside the Wood: The Cells That Store Agarwood Resin",Planned
23,Wed,B - History & Trade,Persia and Ottomans,"Safavid Persia and the Ottoman court","Court intrigue","From Isfahan to Istanbul, oud smoke signalled who mattered.","Persian palace tilework, Ottoman court, censers, gold","Agarwood in Safavid Persia and the Ottoman Empire",Planned
23,Fri,C - Culture / Myth / Medicine,Korea,"Maehyangbi - Korea's agarwood buried for a future Buddha","Object biography","A thousand years ago, Koreans sank oud into a riverbed - as a message to the future.","Tidal mudflat, stone stele, low grey-gold light","Maehyangbi: The Agarwood Korea Buried for the Maitreya Buddha",Planned
23,Sun,D - Wildcard,Economy,"The economics of one agarwood tree over 20 years","By the numbers","Plant a tree today: here's every cost and payday until harvest.","Neon data-viz timeline, money flowing over 20 years","Is Growing Agarwood Profitable? A 20-Year Cost Breakdown",Planned
24,Mon,A - Science & The Tree,Colour chemistry,"Why resin-soaked wood turns black","Lab bench","Pale wood goes ink-black - and it's all about what the resin does to light.","Macro of darkening wood, cross-polarised light","Why Agarwood Is So Dark: The Chemistry of the Colour",Planned
24,Wed,B - History & Trade,Botany history,"The first botanical description of Aquilaria (Lamarck, 1783)","Letter / scientist's voice","In 1783 a French botanist finally gives the oud tree a proper name.","18th-c. herbarium, quill, pressed specimen, candle","1783: When Aquilaria Finally Got a Scientific Name",Planned
24,Fri,C - Culture / Myth / Medicine,Kodo schools,"Kodo's schools: Oie-ryu vs Shino-ryu","Comparison","Two families, two ways to hold a tiny cup of warm wood.","Tatami room, two sets of incense tools side by side","The Two Schools of Kodo: Oie-ryu and Shino-ryu Compared",Planned
24,Sun,D - Wildcard,Sustainability,"Carbon credits and Aquilaria plantations - the new math","By the numbers","A plantation that pays you twice: once in oud, once in carbon.","Neon data-viz, forest carbon, plantation drone","Can Agarwood Plantations Earn Carbon Credits?",Planned
25,Mon,A - Science & The Tree,Phytochemistry,"Agarospirol, jinkohol and kusunol - the other key molecules","POV: a molecule (relay)","Beyond alpha-guaiene, three more molecules carry the heavy notes.","3D molecular cloud, spotlighting three structures","The Other Molecules That Make Agarwood Smell So Deep",Planned
25,Wed,B - History & Trade,Colonial Assam,"British colonial Assam - 'agar' as a taxed commodity","Letter / colonial clerk","A colonial officer in Assam files a report: revenue from 'agar wood', rising.","Tea-country bungalow, ledgers, monsoon light","Agarwood Under the Raj: 'Agar' as a Colonial Commodity in Assam",Planned
25,Fri,C - Culture / Myth / Medicine,Tibetan medicine,"Tibetan medicine - agarwood in 'precious pills'","Myth-bust (careful framing)","A multi-ingredient 'precious pill' lists agarwood among dozens of others.","High-altitude monastery pharmacy, herbs, butter lamps","Agarwood in Tibetan Medicine: Inside the 'Precious Pills'",Planned
25,Sun,D - Wildcard,Mystery,"Can two pieces of agarwood ever smell identical?","Unsolved mystery","Same tree, same wound, same year - and still no two chips match. Why?","Macro of two near-identical chips, subtle differences glowing","Why No Two Pieces of Agarwood Smell Exactly Alike",Planned
26,Mon,A - Science & The Tree,Phytochemistry,"Nor-ketoagarofurans and the bitter notes","POV: a molecule","Some of oud's strangest, sharpest notes come from one odd family of molecules.","3D molecular animation, jagged structures, cool accent","The Molecules Behind Agarwood's Bitter, Animalic Edge",Planned
26,Wed,B - History & Trade,Modern,"19th-century science argues: is agarwood a disease or a wood?","Detective / debate","For decades, botanists couldn't agree: is agarwood healthy wood or a sickness?","Period lecture hall, competing diagrams, gaslight","Disease or Wood? The 19th-Century Argument Over Agarwood",Planned
26,Fri,C - Culture / Myth / Medicine,Sufism,"Sufi gatherings and fragrant smoke","Ritual close-up","In a candlelit circle, the incense rises with the chant.","Dim hall, circle of figures, smoke, warm low light","Agarwood in Sufi Practice: Incense, Chant and Presence",Planned
26,Sun,D - Wildcard,People,"Profile - a Vietnamese master distiller","Profile / portrait","He can name a forest from a single drop of its oil. Meet him.","Intimate documentary, copper still, weathered hands","Meet a Master of Vietnamese Oud Distillation",Planned
27,Mon,A - Science & The Tree,Burning chemistry,"What heat does to oud - the pyrolysis of burning agarwood","Lab bench","The smell on the chip and the smell in the smoke are not the same thing.","Macro of a heated chip, smoke trails, IR-style overlay","Why Burning Agarwood Smells Different From the Raw Wood",Planned
27,Wed,B - History & Trade,Modern,"Early 20th-century theories of agarwood formation","Detective / archive","A century ago, scientists guessed at what we now film under a microscope.","Sepia lab notes, microscopes, old photographs","How Scientists Used to Explain Agarwood (Before We Knew)",Planned
27,Fri,C - Culture / Myth / Medicine,Material culture,"Agarwood prayer beads - wearing the wood","Object biography","A single string of beads can be worth more than a car. Here's why.","Macro of dark beads catching light, hands counting","Agarwood Prayer Beads: The Wood You Wear",Planned
27,Sun,D - Wildcard,Conservation,"How endangered is wild Aquilaria, really? - a fact-check","Myth-bust","'Agarwood is going extinct' - true, exaggerated, or somewhere in between?","Documentary, depleted forest, then a tagged survivor tree","Is Agarwood Going Extinct? A Clear-Eyed Fact-Check",Planned
28,Mon,A - Science & The Tree,Microbiology,"Lasiodiplodia theobromae - the aggressive inducer","POV: a fungus","One fungus doesn't wait to be invited - it kicks the door down.","Time-lapse macro, fast hyphae spread, dark stain","Lasiodiplodia: The Fungus That Forces Agarwood to Form",Planned
28,Wed,B - History & Trade,Modern,"The Vietnam War years and the agarwood boom-bust","Object biography","War scattered people into the forests - and some came out carrying oud.","Documentary archival, jungle, period grain","Agarwood and the Vietnam War: A Forgotten Boom",Planned
28,Fri,C - Culture / Myth / Medicine,Folk legend,"'The wood that found its owner' - agarwood amulet legends","Letter / storyteller's voice","They say the right piece of oud doesn't get bought - it gets chosen.","Folk-tale visuals, lantern light, a chip on a cord","The Agarwood Amulet Legends: When the Wood Picks You",Planned
28,Sun,D - Wildcard,Economy,"'Buy a tree' investment schemes - the agarwood scams","Detective / expose","'Invest in an agarwood tree, retire in twelve years' - read the fine print.","Glossy ad aesthetic that cracks into a dusty plantation","Agarwood Investment Scams: The 'Buy a Tree' Trap",Planned
29,Mon,A - Science & The Tree,Microbiology,"Phialophora and the endophyte question","Detective / lab","Some fungi live quietly inside a healthy tree - until the day it's cut.","Microscope POV, hidden hyphae in healthy tissue","The Hidden Fungi Inside Healthy Aquilaria Trees",Planned
29,Wed,B - History & Trade,Modern,"The 1980s-90s wild-harvest gold rush across Southeast Asia","Documentary thriller","Word got out: a tree in your forest might be worth a year's wages.","Period documentary, machetes, jungle, hand-held","The Agarwood Gold Rush: How the Wild Harvest Boom Began",Planned
29,Fri,C - Culture / Myth / Medicine,Lao and Khmer,"Lao and Cambodian agarwood customs","Day-in-the-life","Across the Mekong, the same wood carries slightly different rituals.","Riverside villages, temple incense, warm light","Agarwood in Laos and Cambodia: Quiet Traditions Along the Mekong",Planned
29,Sun,D - Wildcard,People,"Profile - a Japanese Kodo master","Profile / portrait","Forty years of practice to 'hear' a single piece of wood properly.","Quiet studio portrait, tatami, incense tools, soft light","Meet a Master of Kodo, Japan's Way of Incense",Planned
30,Mon,A - Science & The Tree,Microbiome,"The microbiome of a wounded Aquilaria","POV: a community of microbes","A cut tree isn't fighting one enemy - it's hosting a whole crowd.","Micro-world animation, many organisms, neon ecology","The Microbial Crowd That Gathers When You Wound an Agarwood Tree",Planned
30,Wed,B - History & Trade,Naming,"Eaglewood, aloeswood, calambac - the tangle of European names","Origin story (of words)","Europeans called it a bird, a plant, and a port - and meant the same wood.","Old maps and labels animating, crossed-out names","Why Agarwood Has So Many Old European Names",Planned
30,Fri,C - Culture / Myth / Medicine,Daoism,"Daoist ritual and fragrant smoke","Ritual close-up","In a Daoist rite, the smoke is a road the prayers walk up.","Daoist temple, talismans, incense, mountain mist","Agarwood in Daoist Ritual: Smoke as a Pathway",Planned
30,Sun,D - Wildcard,Sustainability,"Reforestation and assisted regeneration projects","Day-in-the-life","A team replants the trees the gold rush took - and waits decades.","Bright field documentary, nursery, planting, drone","Replanting the Forests: Agarwood Reforestation Projects",Planned
31,Mon,A - Science & The Tree,Pest ecology,"The Heortia vitessoides defoliator - pest or partner?","Detective / debate","A caterpillar that strips Aquilaria bare - does that ruin oud, or trigger it?","Macro of caterpillars on leaves, then a darkening wound","The Caterpillar That Eats Agarwood Trees: Threat or Trigger?",Planned
31,Wed,B - History & Trade,CITES,"1995 - Aquilaria malaccensis listed on CITES Appendix II","Object biography (of a rule)","One signature in 1995 changed how every piece of oud crosses a border.","Conference room, gavel, stamped documents, archival","1995: The Year Agarwood Became a Protected Species",Planned
31,Fri,C - Culture / Myth / Medicine,Material culture,"Agarwood in funerary practice across cultures","Comparison","Egypt, China, the Arab world - all reached for fragrant wood at a graveside.","Solemn montage, candlelight, incense, restrained palette","Agarwood and Death: How Cultures Use Oud in Funerals",Planned
31,Sun,D - Wildcard,Mystery,"The fake-CITES-certificate problem","Detective / expose","The paperwork says 'legal, plantation-grown.' The paperwork is forged.","Documentary, certificate under a loupe, customs desk","Fake Permits, Real Oud: The CITES Certificate Problem",Planned
32,Mon,A - Science & The Tree,Triggers,"Storm and wind breakage as a natural trigger","POV: a snapped branch","No fungus, no beetle - just a storm, a torn limb, and a tree fighting back.","Storm-lit rainforest, branch tearing, rain, drama","How Storms and Wind Create Agarwood in the Wild",Planned
32,Wed,B - History & Trade,CITES,"2004 - the whole genus and Gyrinops listed on CITES","Object biography (of a rule)","Nine years later they closed the loophole - every Aquilaria, every Gyrinops.","Archival macro, layered stamps, a widening map","2004: When CITES Protected Every Agarwood Species",Planned
32,Fri,C - Culture / Myth / Medicine,Literature,"Oud in classical Chinese poetry - Su Shi and the incense poems","Sensory journey","A poet in exile writes that the only luxury he kept was a sliver of chenxiang.","Ink-wash landscape, scholar's desk, incense thread","Agarwood in Chinese Poetry: Su Shi and the Incense Verses",Planned
32,Sun,D - Wildcard,People,"Profile - a Gulf oud-merchant dynasty","Profile / portrait","Four generations in one souk shop - and the family nose to match.","Souk interior, glass cabinets of oud, warm gold light","Meet a Gulf Family That Has Sold Oud for Four Generations",Planned
33,Mon,A - Science & The Tree,Triggers,"Animal damage as a natural trigger","POV: an elephant's tusk","An elephant gouges a trunk in passing - and walks away from a fortune.","Rainforest, large mammals, torn bark, dappled light","When Animals Wound Agarwood Trees: Nature's Accidental Inducer",Planned
33,Wed,B - History & Trade,Plantation era,"The birth of the plantation industry (1990s-2000s Vietnam)","Origin story (of an industry)","When the wild ran out, a few farmers asked: can we just grow it?","Documentary, early plantations, hand-drilled trees","How the Agarwood Plantation Industry Was Born in Vietnam",Planned
33,Fri,C - Culture / Myth / Medicine,Folk legend,"The lightning-struck 'god tree' legend","Letter / storyteller's voice","In some villages, a tree hit by lightning isn't unlucky - it's blessed.","Storm imagery, a glowing scarred tree, folk-tale palette","The 'God Tree': Why Some Cultures Revere Lightning-Struck Aquilaria",Planned
33,Sun,D - Wildcard,Economy,"The richest oud ever sold - record prices and provenance","Auction / price reveal","A piece small enough to hold sold for the price of a house. Here's its story.","Auction-house elegance, spotlit chip, paddle raised","The Most Expensive Agarwood Ever Sold (And Why It Cost That Much)",Planned
34,Mon,A - Science & The Tree,Conversion,"Partial vs full conversion - the 'agar-wit' wood","Before / after split","Most of a 'good' tree is still ordinary wood. The fragrant part is a thin seam.","Cross-section, pale wood with dark veins, raking light","Why Most of an Agarwood Tree Is Still Worthless Wood",Planned
34,Wed,B - History & Trade,Patent era,"The 2010s 'agarwood-inducing technique' patent boom","Detective / patent trail","Dozens of patents, one promise: make a tree produce oud on a schedule.","Patent diagrams animating, plantation drone, lab","The Patent Race to Industrialise Agarwood",Planned
34,Fri,C - Culture / Myth / Medicine,Vietnamese folklore,"Vietnamese folktales of the ky nam spirit-wood","Letter / storyteller's voice","Stories say ky nam glows faintly at night and won't sink for the unworthy.","Folk-tale visuals, jungle at night, faint glow","Ky Nam: The Vietnamese Legends of Agarwood's Highest Grade",Planned
34,Sun,D - Wildcard,People,"Profile - a perfumer who works with real oud","Profile / portrait","Most 'oud' perfumes never touch the wood. She works with the real thing.","Modern lab, blotters, dark oil vials, clean daylight","Meet a Perfumer Who Builds Fragrances With Real Oud",Planned
35,Mon,A - Science & The Tree,Dating,"How labs date a piece of agarwood","Lab bench","That chip in the burner - was the resin laid down in 1700 or 1990?","Lab-noir, radiocarbon prep, sample vials, cool light","How Old Is This Agarwood? How Scientists Date the Resin",Planned
35,Wed,B - History & Trade,Modern smuggling,"Modern smuggling busts and seizure stories","Heist / thriller","Sniffer dogs, hidden compartments, and a wood that's hard to disguise.","Documentary thriller, customs hall, X-ray, seized crates","The Biggest Agarwood Seizures (And How Smugglers Got Caught)",Planned
35,Fri,C - Culture / Myth / Medicine,Thailand,"Thai royal ceremony and agarwood","Day-in-the-life","In Thai royal rites, the right fragrant wood is part of the protocol.","Gilded temple, royal regalia, incense haze, warm gold","Agarwood in Thai Royal and Temple Ceremony",Planned
35,Sun,D - Wildcard,People,"Profile - an Aquilaria conservation scientist","Profile / portrait","She maps the last wild stands - and races the chainsaws to them.","Field documentary, GPS, tagged trees, jungle light","Meet the Scientist Trying to Save Wild Agarwood",Planned
36,Mon,A - Science & The Tree,Analysis,"GC-MS - how a lab 'reads' an oud","Lab bench","Feed one drop into this machine and out comes a barcode of the smell.","Lab-noir, chromatogram building peak by peak, cool blue","How Scientists Read an Oud: GC-MS Explained Simply",Planned
36,Wed,B - History & Trade,Price history,"The price history - how oud became 'more expensive than gold'","By the numbers","Trace the price of top-grade oud across a thousand years.","Neon data-viz, a rising line over a historical montage","How Agarwood Became More Expensive Than Gold: A Price History",Planned
36,Fri,C - Culture / Myth / Medicine,Western culture,"Oud as a Western status fragrance - the cultural shift","Origin story (of a trend)","Twenty years ago no one in the West knew the word. Now it's on every shelf.","Glossy department-store aesthetic, perfume walls","How 'Oud' Became a Luxury Buzzword in the West",Planned
36,Sun,D - Wildcard,Tourism,"Agarwood tourism - plantation visits and 'make your own oud'","Day-in-the-life","Tourists now drill their own tree and come back years later for the oil.","Bright travel-doc, plantation tour, visitors, drone","Agarwood Tourism: Visiting the Farms Where Oud Is Made",Planned
37,Mon,A - Science & The Tree,Analysis,"Metabolomics - mapping an oud's full chemical portrait","Detective / lab","Not one molecule, not ten - a portrait of every compound at once.","Data-viz constellation of molecules over dark","Metabolomics: Painting the Full Chemical Portrait of Agarwood",Planned
37,Wed,B - History & Trade,Heritage,"Agarwood museums and heritage objects (the Shosoin problem)","Object biography","How do you protect a 1,200-year-old fragrant log without letting it fade?","Museum vault, climate controls, white gloves, soft light","How Museums Preserve Ancient Agarwood Treasures",Planned
37,Fri,C - Culture / Myth / Medicine,Material culture,"The sinking-grade mystique and collector culture","Sensory journey","For collectors, a chip that sinks isn't a product - it's an object of devotion.","Reverent macro, velvet box, low warm light","Why Collectors Worship 'Sinking-Grade' Agarwood",Planned
37,Sun,D - Wildcard,People,"Profile - an 'agar hunter': wild harvesting then and now","Profile / portrait","He used to find a fortune in a week. Now he walks days and finds stumps.","Weathered documentary, jungle trek, machete, headlamp","The Agar Hunters: Life Searching for Wild Oud",Planned
38,Mon,A - Science & The Tree,Genomics,"Transcriptomics - what RNA-seq of a wounded tree revealed","Detective / lab","Cut a tree, freeze the wound, and read which genes just woke up.","Heat-map of gene expression igniting, then a tree","RNA-Seq of a Wounded Agarwood Tree: Which Genes Switch On",Planned
38,Wed,B - History & Trade,Perfume history,"Agarwood and the great perfume houses (Guerlain to today)","Object biography","A handful of famous bottles quietly carried oud long before the 'oud boom'.","Vintage perfume-house aesthetic, archival bottles, gold","Oud in Classic Perfumery: From Guerlain to the Modern Houses",Planned
38,Fri,C - Culture / Myth / Medicine,Wellness,"Agarwood in modern aromatherapy claims - what's evidenced, what isn't","Myth-bust","'Oud reduces anxiety' - here's what the actual studies do and don't show.","Calm wellness aesthetic interrupted by a fact-check overlay","Does Oud Aromatherapy Work? Separating Evidence From Marketing",Planned
38,Sun,D - Wildcard,Heritage,"How museums conserve historic agarwood (the conservation science)","Lab bench","Slow the fade, stop the rot, lose none of the smell - the conservator's puzzle.","Conservation lab, instruments, fragile wood, cool light","The Science of Preserving Historic Agarwood Objects",Planned
39,Mon,A - Science & The Tree,Biotech chemistry,"The 'agarwood-inducing liquid' - does the chemistry hold up?","Lab bench","Drill a hole, pour in a mystery liquid, wait - but does it really work?","Plantation close-up of injection, then lab analysis","Do 'Agarwood-Inducing' Injections Actually Work? The Science",Planned
39,Wed,B - History & Trade,Modern perfumery,"The 2002 moment - when Western perfumery rediscovered oud","Origin story (of a launch)","One niche release in 2002 quietly handed 'oud' to mainstream perfumery.","Early-2000s editorial aesthetic, a single bottle, spotlight","The Perfume Launch That Started the Western Oud Craze",Planned
39,Fri,C - Culture / Myth / Medicine,Wellness,"Home oud burning in the West - the wellness market","Day-in-the-life","Electric burners, oud 'chips', and a $40 'meditation' ritual - what you're actually buying.","Modern apartment, mood lighting, small burner, smoke","The Western Home-Oud Trend: Ritual, Wellness or Marketing?",Planned
39,Sun,D - Wildcard,Mystery,"Could synthetic biology replace agarwood? - yeast-brewed sesquiterpenes","Detective / lab","If yeast can brew the molecules, do we still need the tree?","Bioreactor close-up, bubbling vats, then a forest cutaway","Can We Brew Agarwood in a Vat? Synthetic Biology vs the Tree",Planned
40,Mon,A - Science & The Tree,Stress factors,"Soil, altitude and climate - terroir for resin","Comparison","Same species, two hillsides - and two very different ouds.","Split-landscape, lowland vs highland, soil cross-sections","Does Agarwood Have 'Terroir'? How Place Shapes the Smell",Planned
40,Wed,B - History & Trade,Branding,"How 'oud' became a Western marketing word in the 2010s","Detective / culture","Shampoo, candles, hand soap - 'oud' on the label, often no oud inside.","Supermarket-shelf montage, 'oud' labels everywhere","'Oud-Scented' Everything: How a Trade Word Became a Marketing Word",Planned
40,Fri,C - Culture / Myth / Medicine,Wellness,"Aquilaria leaf tea - tradition or trend?","Myth-bust","The leaves are cheap, the marketing is bold - is 'agarwood tea' a real tradition?","Tea ceremony aesthetic, dried leaves, then a fact-check card","Agarwood Leaf Tea: Ancient Remedy or Modern Hype?",Planned
40,Sun,D - Wildcard,Economy,"Building a fair price benchmark - the 'agarwood index'","By the numbers","No two ouds are alike - so how could anyone build a price index? Some are trying.","Neon data-viz, scatter of grades, a fitted price curve","Can You Build a Price Index for Agarwood? The Attempts So Far",Planned
41,Mon,A - Science & The Tree,Tree health,"Can you over-wound a tree? Yield vs mortality","Lab bench / field trial","Wound it more, get more oud - until you wound it once too often.","Field trial, treated trees, a yield-vs-survival curve","How Much Can You Wound an Agarwood Tree Before It Dies?",Planned
41,Wed,B - History & Trade,Modern science,"The 2020s biotech-startup wave and 'lab oud' hype","Detective / expose","Slick pitch decks promised 'agarwood without the tree'. Where are they now?","Startup-demo aesthetic, then a sober follow-up","The 'Lab Oud' Startups: What They Promised vs What They Delivered",Planned
41,Fri,C - Culture / Myth / Medicine,Material culture,"Kyara worship - how one grade became almost sacred","Sensory journey","For some, Kyara isn't graded against gold - it's beyond price.","Reverent macro, single Kyara sliver, dark velvet, soft light","Why Kyara Is Treated Like a Sacred Object",Planned
41,Sun,D - Wildcard,Climate,"Will climate change alter oud chemistry?","Detective / lab","If heat and drought are stressors, will a hotter world change how oud smells?","Cracked-earth imagery, stressed trees, then lab vials","Will Climate Change Change the Smell of Oud?",Planned
42,Mon,A - Science & The Tree,Transcription factors,"WRKY and other transcription factors in the defense cascade","POV: a gene network","Behind the master switch sits a whole committee of genes voting on the response.","Network animation, nodes lighting in sequence, neon-on-black","The Gene Network Behind Agarwood (Beyond AsMYC2)",Planned
42,Wed,B - History & Trade,Future,"The future of agarwood as a traded commodity","By the numbers / forecast","Synthetic notes, vertical farms, carbon credits - where does real oud fit in 2050?","Near-future data-viz, supply curves branching","The Future of the Agarwood Trade: A 2050 Outlook",Planned
42,Fri,C - Culture / Myth / Medicine,Connoisseurship,"Training the nose - how connoisseurs learn to 'read' an oud","Day-in-the-life","Year one: you smell 'wood'. Year ten: you smell a forest, a river, a season.","Quiet study, rows of labelled vials, a learner's notes","How to Learn to Smell Oud Like a Connoisseur",Planned
42,Sun,D - Wildcard,Big question,"If wild agarwood vanished tomorrow - what would we lose?","Sensory journey / thought experiment","Imagine the last wild Aquilaria falls. What exactly disappears with it?","Elegiac montage, forest fading to plantation rows","If Wild Agarwood Disappeared, What Would We Actually Lose?",Planned
43,Mon,A - Science & The Tree,Immune trade-offs,"Jasmonate-salicylate crosstalk - the immune trade-off","POV: two competing signals","The tree can't fight every threat at once - so two alarm systems argue.","Cell interior, two coloured pathways pushing against each other","The Immune Trade-Off Inside a Wounded Agarwood Tree",Planned
43,Wed,B - History & Trade,Comparative history,"Frankincense, myrrh and agarwood - the three great resin trades","Comparison","Three wounded plants, three ancient fortunes - how does oud's story compare?","Triptych montage, desert vs rainforest, animated routes","Frankincense, Myrrh, Agarwood: The Three Great Resin Trades Compared",Planned
43,Fri,C - Culture / Myth / Medicine,Esoteric,"Incense and the literary game: Kumiko (matching scents to poems)","Court intrigue","Guests don't just name the scent - they answer it with the right classical poem.","Tatami room, poem cards, incense tools, candle warmth","Kumiko: The Game Where Agarwood Scents Are Answered With Poetry",Planned
43,Sun,D - Wildcard,Comparison,"Real oud vs synthetic oud - a blind-test breakdown","Comparison / blind test","Two scent strips. One came from a tree, one from a factory. Pick the tree.","Split-screen lab, paired blotters, cool clinical light","Real Oud vs Synthetic Oud: Can You Actually Tell?",Planned
44,Mon,A - Science & The Tree,New discoveries,"New compounds discovered in agarwood in the 2020s","Detective / lab","Even now, chemists keep pulling never-before-described molecules out of oud.","Lab-noir, fresh spectra, a newly drawn structure rotating","What Scientists Are Still Discovering Inside Agarwood",Planned
44,Wed,B - History & Trade,Comparative,"Agarwood vs ambergris - the two strangest luxury smells","Comparison","One is a wounded tree, one is whale waste - both cost a fortune. Why?","Diptych: rainforest tree and a beach find, elegant macro","Agarwood vs Ambergris: Two Bizarre Origins of Luxury Scent",Planned
44,Fri,C - Culture / Myth / Medicine,Material culture,"The agarwood auction and the super-collectors","Auction / price reveal","A quiet room, a sliver of wood, and bids that climb past a luxury car.","Auction-house elegance, paddles, spotlit lot","Inside an Agarwood Auction: Who Pays Six Figures for Wood?",Planned
44,Sun,D - Wildcard,Comparison,"Distilled oud vs 'oud accord' - what's in your perfume bottle","Comparison","The bottle says 'oud'. Sometimes that means a tree. Often it means a recipe.","Macro of a perfume bottle, then a split of wood vs molecules","'Oud' in Perfume: When It's Real Wood and When It's a Recipe",Planned
45,Mon,A - Science & The Tree,Convergent evolution,"Convergent evolution: agarwood vs frankincense vs pine resin","Comparison","Three unrelated plants, hit by trouble, all answered with fragrant resin. Why?","Triptych macro, three resins, branching evolutionary tree","Why So Many Plants 'Bleed' Fragrant Resin When Wounded",Planned
45,Wed,B - History & Trade,Comparative,"Why most trees scab but Aquilaria 'bleeds gold'","Comparison","A pine seals a cut with cheap sap. Aquilaria seals it with something priceless.","Side-by-side macro, pine sap vs agarwood resin, raking light","Why Agarwood Resin Is Worth a Fortune and Pine Sap Isn't",Planned
45,Fri,C - Culture / Myth / Medicine,Wellness,"Aquilaria leaf in folk medicine (laxative, antioxidant claims)","Myth-bust","The leaves are sold for half a dozen ailments - here's what's actually tested.","Apothecary aesthetic, dried leaves, then a fact-check card","Agarwood Leaves in Folk Medicine: What's Proven and What Isn't",Planned
45,Sun,D - Wildcard,Comparison,"Wild Kyara vs cultivated 'Kyara-grade' - is it the same thing?","Comparison / debate","Sellers now market 'Kyara-grade' from plantations. Purists say that's impossible.","Diptych macro, wild sliver vs cultivated piece, soft light","'Cultivated Kyara': Real Top-Grade Oud or Clever Marketing?",Planned
46,Mon,A - Science & The Tree,Tissue culture,"Tissue culture and micropropagation of Aquilaria","Lab bench","Before a plantation, there's a Petri dish full of cloned seedlings.","Lab, tissue-culture jars under grow lights, clean cool tones","Growing Agarwood Trees in a Lab: Tissue Culture Explained",Planned
46,Wed,B - History & Trade,Comparative,"Agarwood vs sandalwood - rival sacred woods of Asia","Comparison","Two fragrant woods, two scarcity crises, two CITES headaches - how do they differ?","Diptych, rainforest vs dry-zone, temple incense montage","Agarwood vs Sandalwood: Asia's Two Endangered Sacred Woods",Planned
46,Fri,C - Culture / Myth / Medicine,Material culture,"Agarwood in contemporary art and design","Day-in-the-life","Designers now carve, scent and light installations with the world's costliest wood.","Gallery space, dark sculptural wood, dramatic lighting","Agarwood in Modern Art and Design: The Costliest Material in the Room",Planned
46,Sun,D - Wildcard,Production,"The DIY-oud movement online - communities and pitfalls","Day-in-the-life","Hobbyists distil oud in their kitchens - some get magic, some get a mess.","Home-kitchen still, online forum overlays, warm light","The Online DIY Oud Scene: Passion, Scams and Kitchen Distillers",Planned
47,Mon,A - Science & The Tree,Bioassays,"Anti-inflammatory compounds in agarwood - what the lab actually found","Lab bench (careful framing)","'Agarwood reduces inflammation' - here's the cell-culture data, IC50s and all.","Microscope POV, cells calming, on-screen 'in laboratory studies'","Agarwood's Anti-Inflammatory Compounds: What Lab Studies Really Show",Planned
47,Wed,B - History & Trade,Comparative,"Agarwood vs civet and musk - the animal-vs-plant luxury divide","Comparison","Perfumery's old elite was mostly animal. Oud is the plant that joined the club.","Elegant montage, animal-derived vs plant-derived materials","Agarwood vs Musk and Civet: When a Plant Joined Perfumery's Elite",Planned
47,Fri,C - Culture / Myth / Medicine,Material culture,"Counterfeit oud - dyed wood, 'compressed' fakes and adulterated oils","Detective / expose","Black dye, a hot press, a splash of synthetic - and worthless wood 'becomes' oud.","Lab-noir, side-by-side real vs fake, UV light, magnifier","How Fake Oud Is Made (And How to Spot It)",Planned
47,Sun,D - Wildcard,Production,"Oud in food? - the rare culinary uses","Day-in-the-life","A pinch of agarwood in a royal dish - extravagant, ancient, and rarely seen.","Warm kitchen, brass pot, a single chip added, gold light","Has Anyone Ever Cooked With Agarwood? The Rare Culinary Uses",Planned
48,Mon,A - Science & The Tree,Bioassays,"Antimicrobial agarwood - what extracts kill in a petri dish","Lab bench","In the lab, oud extracts take on bacteria and fungi - including one that attacks the tree.","Petri-dish macro, inhibition rings forming, clinical light","What Agarwood Extracts Kill in the Lab (Antimicrobial Tests)",Planned
48,Wed,B - History & Trade,Comparative,"Agarwood vs saffron - the other 'worth more than gold' commodity","Comparison","Both get called 'more expensive than gold' - one's a flower, one's a wound.","Diptych macro, crimson threads vs dark resin, elegant","Agarwood vs Saffron: Two Things 'Worth More Than Gold' Compared",Planned
48,Fri,C - Culture / Myth / Medicine,Modern niche,"'Real oud vs oud accord' - the niche-perfume debate","Comparison / debate","Niche houses split into camps: pure distilled oud purists vs the accord builders.","Perfume-bar aesthetic, two camps' bottles, editorial light","The Great Niche-Perfume Argument: Pure Oud vs Oud Accords",Planned
48,Sun,D - Wildcard,Trade rules,"How legal oud actually crosses a border in 2025 - a step-by-step","Day-in-the-life","Permit, species ID, weight, country of origin - follow one shipment through customs.","Documentary, customs hall, paperwork, scanned crates","From Plantation to Perfumer: How a Legal Oud Shipment Travels",Planned
49,Mon,A - Science & The Tree,Mechanism recap,"Putting it together: from wound to perfume in one timeline","Time-lapse / recap","Replay the whole story - the cut, the alarm, the genes, the molecules - in one shot.","Continuous time-lapse, wound to dark fragrant heartwood","From Wound to Perfume: The Whole Agarwood Story in One Timeline",Planned
49,Wed,B - History & Trade,Recap,"3,000 years of oud in twelve objects","Object biography (anthology)","One driftwood log, one Geniza letter, one CITES stamp - a history in twelve things.","Museum-vitrine montage, twelve spotlit objects","The History of Agarwood Told Through 12 Objects",Planned
49,Fri,C - Culture / Myth / Medicine,Recap,"One wood, a dozen names - agar, jinko, oud, gaharu, aloeswood","Map journey","Five words, five cultures, one tree - watch the same chip change its name.","Map-pin montage, kinetic typography, one resin chip","Agar, Jinko, Oud, Gaharu: Why One Wood Has So Many Names",Planned
49,Sun,D - Wildcard,Big question,"Is farmed oud 'real' oud? - a courtroom-style debate","Courtroom / trial","Prosecution: it's a shortcut. Defence: it's the same biology. You're the jury.","Mock-courtroom staging, exhibits, two podiums, dramatic light","Is Plantation Oud 'Real' Oud? We Put It on Trial",Planned
50,Mon,A - Science & The Tree,Open questions,"Can wild and plantation chemistry ever truly match?","Detective / lab","Side-by-side GC traces of wild and farmed oud - how close do they really get?","Lab-noir, two overlaid chromatograms, cool blue","Will Plantation Oud Ever Smell Exactly Like Wild Oud?",Planned
50,Wed,B - History & Trade,Forecast,"The next 50 years for agarwood - a realistic forecast","By the numbers / forecast","Vertical farms, synthetic notes, carbon credits, CITES - where is oud headed by 2075?","Near-future data-viz, branching scenarios, restrained palette","Agarwood in 2075: A Realistic Forecast",Planned
50,Fri,C - Culture / Myth / Medicine,Big picture,"3,000 years of agarwood medicine - tradition vs evidence","Myth-bust (anthology)","Four pharmacopeias, three millennia of use - and what modern labs can and can't confirm.","Apothecary montage worldwide, then a clear evidence card","Agarwood in Traditional Medicine: 3,000 Years, Honestly Assessed",Planned
50,Sun,D - Wildcard,Big question,"The carbon and water footprint of one oud bottle","By the numbers","Trees, transport, distillation - what does a single bottle of oud really cost the planet?","Neon data-viz, footprint stacking up against a bottle","What's the Environmental Footprint of a Bottle of Oud?",Planned
51,Mon,A - Science & The Tree,Synthesis,"Everything we know about how agarwood forms - the state of the science","Detective / recap","After a decade of genomics and chemistry, here's what's settled - and what isn't.","Clean explainer graphics, a 'known vs unknown' board","How Agarwood Forms: Everything Science Has Figured Out (So Far)",Planned
51,Wed,B - History & Trade,Synthesis,"How agarwood connected the ancient world - the trade map, complete","Map journey (master)","Watch every route light up at once - the web of oud across three continents.","Master animated map, all routes glowing, time slider","The Complete Map of the Ancient Agarwood Trade",Planned
51,Fri,C - Culture / Myth / Medicine,Synthesis,"Why every great culture fell in love with the same wounded tree","Origin story (master)","Egypt, India, China, Japan, Arabia - separately, all chose this one wood. Why?","Grand montage stitching cultures together by a smoke thread","Why Every Major Civilisation Treasured Agarwood",Planned
51,Sun,D - Wildcard,Synthesis,"Can we save agarwood without losing it? - the conservation balance","Sensory journey / synthesis","Protect the wild, supply the world, keep the magic - can all three be true?","Documentary, wild forest and plantation in one frame","Can We Save Wild Agarwood and Still Have Oud? The Balance",Planned
52,Mon,A - Science & The Tree,Open file,"Everything we still don't know about agarwood - the open questions","Unsolved mystery (master)","The wound, the fungi, the Kyara puzzle - here's the list science hasn't closed.","Lab-noir, a wall of pinned questions, one light over each","The Big Unsolved Mysteries of Agarwood Science",Planned
52,Wed,B - History & Trade,Open file,"The agarwood stories history hasn't told yet","Detective / archive (master)","Lost ports, missing ledgers, undeciphered names - the oud history still buried.","Archive aesthetic, half-read documents, a fading map","The Untold History of Agarwood: What We Still Don't Know",Planned
52,Fri,C - Culture / Myth / Medicine,Open file,"What agarwood will mean to the next generation","Sensory journey (master)","If your grandchild burns oud in 2075, what story will the smoke be telling?","Near-future home, a small burner, a child watching smoke","What Will Agarwood Mean to Our Grandchildren?",Planned
52,Sun,D - Wildcard,Finale,"Agarwood: the whole story in one film","Recap (master / season finale)","One wounded tree, 3,000 years, three continents, a fortune - here it is, end to end.","Cinematic montage of the whole year, swelling score","Agarwood: The Complete Story (Season Finale)",Planned
53,Mon,A - Science & The Tree,Plant signalling,"Calcium and the oxidative burst - the first 60 seconds after a wound","POV: the first messenger","Before any gene fires, calcium floods the cut and the tree breathes in oxygen radicals.","Hyper-macro cell membrane, glowing calcium influx, neon-on-black","The First 60 Seconds: What Happens the Instant You Wound an Agarwood Tree",Planned
53,Wed,B - History & Trade,Etymology & trade,"Sylhet and Assam - is 'agarwood' literally named after a place?","Detective / etymology","Follow the word 'agar' upriver and you may arrive at the town it came from.","Map zooming into the Surma valley, old trade ledgers, monsoon light","Is Agarwood Named After a Place? The Sylhet-Assam Etymology",Planned
53,Fri,C - Culture / Myth / Medicine,Shinto,"Shinto and agarwood - purification, the kami and fragrant offerings","Ritual close-up","Before the prayer, the purification - and sometimes the purification is smoke.","Shrine torii, white paper streamers, thin incense thread, daylight","Agarwood in Shinto: Purification, Kami and the Smoke Offering",Planned
53,Sun,D - Wildcard,Trade craft,"A day in the life of an agarwood grader","Day-in-the-life","Weight, smell, water, light, origin - watch a piece get judged in real time.","Documentary, appraiser's bench, loupe, scale, water glass","What an Agarwood Grader Actually Does All Day",Planned
54,Mon,A - Science & The Tree,Plant signalling,"MAPK cascades - relaying the alarm from wound to nucleus","POV: a relay runner","The wound shouts at the cell wall - now the message has to sprint to the DNA.","Cellular relay animation, phosphorylation baton pass, neon-on-black","How a Wounded Agarwood Tree Gets the Message to Its Genes (MAPK Cascades)",Planned
54,Wed,B - History & Trade,Japan history,"The Nara-period customs ledgers - Japan's 8th-century jinko imports","Detective / archive","A 1,300-year-old inventory list, and 'jinko' is on it - by weight.","Ancient paper scrolls, brush-written kanji, museum-vault light","Japan's Oldest Agarwood Records: The Nara-Period Customs Ledgers",Planned
54,Fri,C - Culture / Myth / Medicine,Islamic medicine,"Avicenna on 'ud - agarwood in the canon of medieval Arabic medicine","Letter / scholar's voice","The most influential doctor of the Middle Ages wrote down what 'ud was for - carefully.","Medieval Persian study, the Canon of Medicine open, brass instruments","What Avicenna Wrote About Agarwood ('Ud in The Canon of Medicine)",Planned
54,Sun,D - Wildcard,Collecting,"How collectors store and 'feed' agarwood - humidity, light and the long game","Day-in-the-life","Wrong drawer, wrong humidity, and a fortune slowly loses its smell.","Macro of a collector's cabinet, hygrometer, wrapped chips, warm light","How to Store Agarwood Without Ruining It (Collector Practice)",Planned
55,Mon,A - Science & The Tree,Gene regulation,"ERF transcription factors - ethylene's hand on the agarwood genes","POV: a gene switch","Ethylene doesn't act alone - it works through a family of switches called ERFs.","Nucleus animation, ERF proteins docking on promoters, neon-on-black","ERF Genes: How Ethylene Triggers Agarwood at the DNA Level",Planned
55,Wed,B - History & Trade,Maritime history,"The Ryukyu Kingdom - Okinawa as an agarwood trans-shipment hub","Map journey","A string of small islands quietly handled oud moving between China, Japan and the south.","Animated maritime chart, Ryukyu ports glowing, junk ships","Okinawa's Oud Trade: The Ryukyu Kingdom as a Hidden Hub",Planned
55,Fri,C - Culture / Myth / Medicine,Islamic eschatology,"The 'perfume of paradise' - agarwood in Islamic descriptions of Jannah","Sensory journey","Some traditions say the scent of paradise is built partly from oud.","Ethereal gardens, light, drifting smoke, gold and white palette","Is Oud the 'Perfume of Paradise'? Agarwood in Islamic Tradition",Planned
55,Sun,D - Wildcard,Authentication,"Spot the fake oud oil - the practical adulteration tests anyone can do","Lab bench / how-to","Blotter, hot water, a freezer, your nose over time - five cheap tests, real answers.","Tabletop how-to, blotter strips, water glass, timer, clean light","5 At-Home Tests to Tell Real Oud Oil From Fake",Planned
56,Mon,A - Science & The Tree,Gene regulation,"MYB and bHLH factors - the wider regulatory web of agarwood","POV: a committee of genes","One master switch gets the credit - but a whole committee of genes votes on the response.","Network animation, gene nodes lighting in sequence, neon-on-black","Beyond AsMYC2: The Wider Gene Network That Builds Agarwood",Planned
56,Wed,B - History & Trade,Medieval Europe,"'Lignum aloes' in the medieval European apothecary","Object biography","In a medieval pharmacy, a splinter of 'lignum aloes' sat next to the most expensive cures.","Apothecary shop, leather-bound antidotaria, dim candle, dust","Agarwood as Medicine in Medieval Europe ('Lignum Aloes')",Planned
56,Fri,C - Culture / Myth / Medicine,Japanese tea ceremony,"Agarwood in the tea ceremony - the kobako and the host's hidden flex","Ritual close-up","Among the tea things sits a tiny box - and what's inside it quietly says everything.","Tea room, lacquered kobako opened, tatami, soft window light","The Incense Box in the Japanese Tea Ceremony (and Why It Matters)",Planned
56,Sun,D - Wildcard,Perfume economics,"What does a perfume house actually pay for the oud in your bottle?","By the numbers","That expensive 'oud' bottle - here's how little real oud is actually inside.","Neon data-viz, a perfume bottle dissected into cost layers","How Much Real Oud Is in Your Perfume? The Cost Breakdown",Planned
57,Mon,A - Science & The Tree,Enzymes,"The sesquiterpene-synthase gene family - beyond ASS1","Family tree of genes","ASS1 is famous, but it has siblings - and each one shapes a different note.","Gene-family tree animation branching into molecule shapes","The Enzyme Family That Builds Agarwood's Scent (Beyond ASS1)",Planned
57,Wed,B - History & Trade,Medieval trade,"The Crusades and the Levant trade - how oud reached medieval Europe","Map journey","Knights came home with more than relics - the Levant's spice ports moved oud west.","Medieval Mediterranean map, Levantine ports, caravans, ships","How the Crusades Helped Bring Agarwood to Medieval Europe",Planned
57,Fri,C - Culture / Myth / Medicine,Christianity,"Coptic and Ethiopian Orthodox liturgy - agarwood in African Christianity","Ritual close-up","In an Ethiopian church the censer swings - and the smoke is older than the building.","Rock-hewn church, ornate censer, candlelight, incense haze","Agarwood in Coptic and Ethiopian Orthodox Worship",Planned
57,Sun,D - Wildcard,Supply chain,"Inside a legal oud supply contract - how a perfume house sources it","Day-in-the-life","Species ID, CITES permit, lot numbers, a sample vial - the paperwork behind a 'simple' note.","Documentary, contract pages, sample vials, lab certificates","From Plantation to Perfume Lab: How a House Legally Sources Oud",Planned
58,Mon,A - Science & The Tree,Enzymes,"Cytochrome P450s - the enzymes that 'decorate' oud molecules","POV: an enzyme","The skeleton of the molecule isn't enough - P450 enzymes add the hooks that make it smell.","Enzyme animation, oxygen atoms slotted onto a sesquiterpene","The Enzymes That Add the Finishing Touches to Agarwood's Scent (P450s)",Planned
58,Wed,B - History & Trade,Mediterranean trade,"Venice and Genoa - the Mediterranean middlemen of the oud trade","Court intrigue","Two rival city-states, one lucrative cargo - and a lot of looking the other way.","Renaissance Venice, ledgers, galleys, gilt interiors","Venice, Genoa and the Medieval Oud Trade",Planned
58,Fri,C - Culture / Myth / Medicine,Hinduism,"Hindu life-cycle rites - agarwood in weddings and samskara","Day-in-the-life","From the wedding fire to the funeral pyre, the same fragrant wood marks the turning points.","Indian ceremony, sacred fire, marigolds, incense haze, warm gold","Agarwood in Hindu Rituals: From Weddings to Last Rites",Planned
58,Sun,D - Wildcard,Authentication tech,"Counterfeit-detection tech for oud - handheld GC, e-noses and lab-on-a-chip","Lab bench","A phone-sized 'nose' that says 'real' or 'fake' in 30 seconds - how close are we?","Lab-noir, portable analyser, digital readout, cool blue","The Gadgets Trying to Catch Fake Oud (Handheld GC and E-Noses)",Planned
59,Mon,A - Science & The Tree,Chromone chemistry,"Where chromones come from - the 2-(2-phenylethyl)chromone pathway","POV: a molecule (relay)","Agarwood's fingerprint molecules have a birth story - and it's a different pathway entirely.","3D molecular animation, a separate biosynthetic assembly line","How Agarwood Makes Its Fingerprint Molecules (Chromone Biosynthesis)",Planned
59,Wed,B - History & Trade,Qing China,"The Qing tribute system - agarwood as a diplomatic gift","Court intrigue","Send the emperor the right fragrant wood, and your kingdom's relationship just improved.","Forbidden City hall, tribute trays, silk, lacquer, gold light","Agarwood as Diplomacy: Tribute Oud in the Qing Court",Planned
59,Fri,C - Culture / Myth / Medicine,Chinese ritual,"Chinese ancestor worship and Qingming - oud for the dead","Day-in-the-life","On Tomb-Sweeping Day the smoke that rises is a message sent backwards in time.","Hillside graves, families, incense bundles, spring haze","Agarwood and Ancestor Worship: Oud at Qingming (Tomb-Sweeping Day)",Planned
59,Sun,D - Wildcard,Trade economics,"The wild-oud price ladder - what a piece costs at every step from forest to souk","By the numbers","Harvester, broker, exporter, wholesaler, souk - watch the price multiply at each hand.","Neon data-viz, a price climbing a ladder of hands","Forest to Souk: How Wild Oud's Price Multiplies at Every Step",Planned
60,Mon,A - Science & The Tree,Wood tissue,"Tyloses and gums - how a wounded vessel physically plugs itself","POV: inside a xylem vessel","Before the perfume, the plumbing - the tree literally inflates balloons to seal the leak.","Hyper-macro inside a wood vessel, tyloses ballooning shut","The Tiny Balloons That Seal a Wounded Agarwood Tree (Tyloses)",Planned
60,Wed,B - History & Trade,Edo Japan,"Edo-period Japan - the merchant connoisseurs and the price of jinko","Day-in-the-life","In Edo a wealthy merchant couldn't outrank a samurai - but he could out-smell one.","Edo townhouse, incense tools, ukiyo-e colour grade, lamplight","When Japanese Merchants Made Agarwood a Status Symbol (Edo Period)",Planned
60,Fri,C - Culture / Myth / Medicine,Buddhist mourning,"The 49-day memorial - agarwood in East Asian Buddhist mourning","Ritual close-up","For 49 days the incense doesn't stop - it's lighting a road for someone who just left.","Memorial altar, photo, continuous incense thread, dim warm light","The 49 Days of Incense: Agarwood in East Asian Buddhist Mourning",Planned
60,Sun,D - Wildcard,Geography of production,"Comparing the plantation regions - Vietnam, Thailand, India, Malaysia, Hainan","Comparison","Five regions, five climates, five house styles of oud - a tour of the world's oud farms.","Split-screen documentary, five plantations, drone over each","Where Is Plantation Oud Grown? Vietnam vs Thailand vs India vs Malaysia vs Hainan",Planned
61,Mon,A - Science & The Tree,Wood tissue,"Suberin - the cork-like seal vs the fragrant seal","Before / after split","A wounded tree builds two walls: a plain cork one, and the priceless fragrant one.","Cross-section macro, suberin layer vs resin zone, raking light","The Two Seals of a Wounded Agarwood Tree (Cork vs Resin)",Planned
61,Wed,B - History & Trade,Colonial entrepots,"Singapore and Penang - British-era agarwood entrepots","Map journey","Under the British, two free ports quietly became clearing-houses for Southeast Asian oud.","Colonial port, godowns, sailing ships, sepia-warm grade","How Singapore and Penang Became Agarwood Trading Hubs",Planned
61,Fri,C - Culture / Myth / Medicine,Feng shui,"Agarwood and feng shui / geomancy - placing the fragrant wood","Day-in-the-life","Where you put the agarwood in the room is, for some, as important as owning it.","Modern home, a dark resin piece on a console, soft directional light","Agarwood in Feng Shui: Why Placement Matters to Believers",Planned
61,Sun,D - Wildcard,Conservation models,"Community-managed wild harvest - the 'ethical wild oud' model","Profile / portrait","A village agrees: only this many trees, only this often - and the forest keeps some.","Documentary, community meeting, tagged wild trees, jungle light","Can Wild Oud Be Harvested Ethically? The Community-Forest Model",Planned
62,Mon,A - Science & The Tree,Chemistry deep-dive,"The eight sesquiterpene structural classes - a guided tour","Family tree of molecules","Guaiane, eudesmane, eremophilane, spirovetivane - eight molecular shapes, one famous smell.","3D molecular gallery, eight rotating skeletons, neon-on-black","The 8 Molecular Shapes Behind Agarwood's Scent (Sesquiterpene Classes)",Planned
62,Wed,B - History & Trade,Modern demand,"The Gulf oil boom - how 1970s wealth reshaped global oud demand","By the numbers","Oil money met an old love of oud - and the price of agarwood never looked back.","Archival 1970s Gulf footage, then a rising price line","How the Gulf Oil Boom Sent Agarwood Prices Soaring",Planned
62,Fri,C - Culture / Myth / Medicine,Wearable oud,"Wearable oud - beads, rings and the modern jewellery craze","Day-in-the-life","People used to burn it. Now they wear it - on the wrist, on the finger, on a cord.","Macro of dark agarwood beads and rings catching light, hands","Wearing Agarwood: The Rise of Oud Beads, Rings and Jewellery",Planned
62,Sun,D - Wildcard,Land rights,"Agarwood and Indigenous land rights - who owns the wild trees?","Detective / debate","The wild Aquilaria is on someone's ancestral land. The buyer is on another continent. Who decides?","Documentary, forest community, maps, legal documents","Who Owns Wild Agarwood? The Land-Rights Question",Planned
63,Mon,A - Science & The Tree,Photophysics,"Why agarwood glows under UV - the photophysics of the resin","Lab bench","Switch off the lights, switch on UV, and a chunk of oud starts to shine. Here's why.","Dark lab, UV lamp, resin chip fluorescing blue-green","Why Agarwood Glows Under Black Light (The Science of Oud Fluorescence)",Planned
63,Wed,B - History & Trade,Modern industry,"Japan's modern incense houses - Baieido, Shoyeido and the Awaji industry","Day-in-the-life","On one small Japanese island, centuries-old houses still blend agarwood by hand.","Awaji workshop, blending tables, incense drying racks, soft daylight","Inside Japan's Centuries-Old Incense Houses (Awaji Island)",Planned
63,Fri,C - Culture / Myth / Medicine,Gender & culture,"Oud and gender - who wears it, where, and how that's shifted","Origin story of a trend","'Oud is masculine' - except where it isn't, and except in the era when it wasn't.","Editorial montage across cultures and decades, perfume bottles","Is Oud a 'Men's' Scent? How Agarwood Crossed Gender Lines",Planned
63,Sun,D - Wildcard,Plantation risk,"Plantation pests and diseases - the threats to a 15-year agarwood crop","Detective / field","You wait 15 years for a payday - and a beetle, a fungus or a storm can erase it.","Field documentary, damaged trees, pest macro, anxious grower","What Can Destroy a 15-Year Agarwood Plantation",Planned
64,Mon,A - Science & The Tree,Origin chemistry,"Stable-isotope and trace-element fingerprinting - proving where a piece grew","Detective / lab","The wood remembers its soil and rain - and a mass spectrometer can read that memory.","Lab-noir, isotope-ratio readouts, a map lighting up an origin","How Scientists Prove Where a Piece of Agarwood Came From",Planned
64,Wed,B - History & Trade,Archaeology,"Agarwood archaeology - resin residues in ancient censers and shipwrecks","Detective / lab","Scrape an ancient bronze censer, run the residue - and smoke from 1,500 years ago talks.","Conservation lab, ancient censer, residue vials, shipwreck cutaway","Finding Agarwood in Shipwrecks and Ancient Censers (Archaeology)",Planned
64,Fri,C - Culture / Myth / Medicine,Hospitality,"Signature scents of luxury hospitality - hotels and airlines that bottled oud","Day-in-the-life","Walk into the lobby, smell the 'house oud' - that scent is a multi-year branding contract.","Luxury hotel lobby, diffusers, first-class cabin, warm gold light","Why Luxury Hotels and Airlines Smell of Oud (Signature Scents)",Planned
64,Sun,D - Wildcard,Financialization,"Tokenised trees and 'agarwood funds' - the new financialization (and its risks)","Detective / expose","Buy a fraction of a tree on an app, sell it before harvest - what could go wrong? Plenty.","Slick fintech UI that cracks into a dusty real plantation","Agarwood Investment Funds and Tokenised Trees: Opportunity or Trap?",Planned
65,Mon,A - Science & The Tree,Microbiology,"Endophytic bacteria in Aquilaria - the overlooked microbes","POV: a bacterium","Everyone studies the fungi - but there's a whole bacterial city living inside the tree too.","Micro-world animation, bacteria among wood cells, neon ecology","The Bacteria Inside Agarwood Trees Nobody Talks About",Planned
65,Wed,B - History & Trade,Synthesis,"How agarwood reshaped four economies - a comparative trade history","Comparison (master)","Champa, the Gulf, colonial Assam, modern Vietnam - one wood, four economies it bent.","Four-panel animated history, routes and ledgers, restrained palette","How Agarwood Built (and Bent) Four Different Economies",Planned
65,Fri,C - Culture / Myth / Medicine,Synthesis,"Sacred smoke worldwide - agarwood across every major religion, side by side","Comparison (master)","Buddhism, Hinduism, Islam, Christianity, Shinto, Daoism - all reached for the same wood.","Montage stitching temples, churches, mosques and shrines by a smoke thread","Agarwood in Every Major Religion: A Side-by-Side Tour of Sacred Smoke",Planned
65,Sun,D - Wildcard,Synthesis,"The agarwood content economy - who's monetising oud on YouTube and TikTok","Detective / meta","Unboxings, 'real vs fake' tests, plantation tours - there's a whole creator economy around oud.","Screen-recording montage, creator dashboards, oud unboxing clips","Who's Making Money Posting About Oud Online? (The Agarwood Creator Economy)",Planned
